<?xml version="1.0" encoding="utf-8" ?>
<manifest>
  <control namespace="DynamicControls" constructor="DynamicButton" version="0.0.3" display-name-key="DynamicButton" description-key="DynamicButton description" control-type="standard" >
    <!--external-service-usage node declares whether this 3rd party PCF control is using external service or not, if yes, this control will be considered as premium and please also add the external domain it is using.
    If it is not using any external service, please set the enabled="false" and DO NOT add any domain below. The "enabled" will be false by default.
    Example1:
      <external-service-usage enabled="true">
        <domain>www.Microsoft.com</domain>
      </external-service-usage>
    Example2:
      <external-service-usage enabled="false">
      </external-service-usage>
    -->

    <external-service-usage enabled="false">
      <!--UNCOMMENT TO ADD EXTERNAL DOMAINS
      <domain></domain>
      <domain></domain>
      -->
    </external-service-usage>
    <!-- property node identifies a specific, configurable piece of data that the control expects from CDS -->
    <property name="sampleProperty" display-name-key="Property_Display_Key" description-key="Property_Desc_Key"  of-type="SingleLine.Text" usage="bound" required="false" />
    <property name="buttonText" display-name-key="Button Text" description-key="buttonText_Key"  of-type="SingleLine.Text" usage="input" required="false" />


<property name="buttonTextArabic" display-name-key="Button Text (Arabic)" 
          description-key="Button text in Arabic" of-type="SingleLine.Text" 
          usage="input" required="false" />



<property name="jsCodeField" 
          display-name-key="JavaScript Code Field" 
          description-key="Field containing the JavaScript code to execute" 
          of-type="Multiple" 
          usage="input" 
          required="true" />
          <property name="buttonColor" display-name-key="Button Color" description-key="Button background color (hex or color name)" of-type="SingleLine.Text" usage="input" required="false" />
<property name="buttonIcon" display-name-key="Button Icon" description-key="Fluent UI icon name (e.g., Add, Delete, Edit)" of-type="SingleLine.Text" usage="input" required="false" />

    <!-- <property name="myLookup" display-name-key="My Lookup" of-type="Lookup.Simple" usage="bound" /> -->
    <!--
      Property node's of-type attribute can be of-type-group attribute.
      Example:
      <type-group name="numbers">
        <type>Whole.None</type>
        <type>Currency</type>
        <type>FP</type>
        <type>Decimal</type>
      </type-group>
      <property name="sampleProperty" display-name-key="Property_Display_Key" description-key="Property_Desc_Key" of-type-group="numbers" usage="bound" required="true" />
    -->
    <resources>
      <code path="index.ts" order="1"/>
      <css path="css/DynamicButton.css" order="1" />

      <!-- UNCOMMENT TO ADD MORE RESOURCES
      <css path="css/DynamicButton.css" order="1" />
      <resx path="strings/DynamicButton.1033.resx" version="1.0.0" />
      -->
    </resources>
    <!-- UNCOMMENT TO ENABLE THE SPECIFIED API
    <feature-usage>
      <uses-feature name="Device.captureAudio" required="true" />
      <uses-feature name="Device.captureImage" required="true" />
      <uses-feature name="Device.captureVideo" required="true" />
      <uses-feature name="Device.getBarcodeValue" required="true" />
      <uses-feature name="Device.getCurrentPosition" required="true" />
      <uses-feature name="Device.pickFile" required="true" />
      <uses-feature name="Utility" required="true" />
      <uses-feature name="WebAPI" required="true" />
    </feature-usage>
    -->
  </control>
</manifest>
